{"cameraMode":{"drawMode":0,"name":"Shaded","section":"Shading Mode"},"sceneLighting":true,"audioPlay":false,"sceneViewState":{"showFog":true,"showMaterialUpdate":false,"showSkybox":true,"showFlares":true,"showImageEffects":true,"showParticleSystems":true},"in2DMode":false,"pivot":{"x":-0.5815417170524597,"y":-2.7586922645568849,"z":9.460546493530274},"rotation":{"x":0.5669838190078735,"y":0.33070605993270876,"z":-0.26555195450782778,"w":0.7061969637870789},"size":9.009421348571778,"orthographic":false}